epoch,training_loss,validation_loss
1,0.028454789448352086,0.005647995729384053
