epoch,training_loss,validation_loss
1,0.029356719890520685,0.005263729020953178
