epoch,training_loss,validation_loss,IoU
1,1.050941191887369,1.023579426433729,0.22993803024291992
